Respondent ID,"In addition to Facebook, what would be the best way(s) for you to connect with the rest of the Aspirations community?",CODE,,,
,Open-Ended Response,,,,
6928372992,A specific website or page with a way to connect,website,,,
6921763051,"I'm not sure what the Facebook has, but I find that email is a really good way to connect and so I hope to get some emails within the community. ",email,,,
6921272218,,,,,
6920022402,"Snapchat, instagram, emails",email,snapchat,instagram,
6918387583,Possibly through instagram.,instagram,,,
6918090577,Amazing resources for connection would include Snapchat and Instagram.,instagram,snapchat,,
6917209300,,,,,
6916427526,,,,,
6916355433,email as well,email,,,
6916312467,I mostly use snapchat for social media connections.,snapchat,,,
6915654732,,,,,
6915634456,Instagram or Twitter,instagram,twitter,,
6915519190,email,email,,,
6914998059,,,,,
6914795754,other social media,social media,,,
6914671533,,,,,
6914558175,"A forum with filtered topics so it is easy and clear to find new opportunities for differing ages like college or high school, internships, job opportunities",forum,,,
6914484702,,,,,
6914260010,Other social media like discord.,social media,discord,,
6914217345,Perhaps a groupchat on Messenger or GroupMe,group chat,,,
6914194106,Google Classroom,google,,,
6914188745,,,,,
6914157965,Twitter,twitter,,,
6914067094,,,,,
6914046920,"Twitter, Instagram, Group Me",twitter,instagram,group chat,
6914029022,,,,,
6913941002,,,,,
6913898599,,,,,
6913885430,,,,,
6913848483,A platform like Slack might be helpful to connect about projects or get help/questions answered. ,slack,,,
6913803879,Have weekly emails on updates or opportunities for students would be extremely helpful. ,email,,,
6913790561,"Occasional events, such as networking events or different fairs providing different opportunities and the chance to socialize and connect with others in the community.",events,,,
6913783414,"forums, surveys",forum,survey,,
6913747695,I don't know. Facebook works just fine,facebook,,,
6913728836,I do not know.,,,,
6913722087,Email,email,,,
6913717754,,,,,
6913652652,"WhatsApp group chat, website forum ",forum,group chat,,
6913626882,,,,,
6913618120,I would say that holding a meeting would help me connect with the rest of the Aspirations community.,events,,,
6913608808,Google communities ,google,,,
6913601998,,,,,
6913591596,,,,,
6913573534,instagram,instagram,,,
6913535134,Facebook appears to be the best option.,facebook,,,
6913530201,Maybe Instagram ,instagram,,,
6913527301,Facebook is the best way.,facebook,,,
6913522488,,,,,
6913521380,"Slack is usually great for things like this! It is a messaging platform and allows for DM and general announcements(for which the opportunities mentioned in the previous question would be easily accessible). For something more announcement based, Basecamp works too!",slack,,,
6913520005,"Twitter, instagram ",twitter,instagram,,
6913515768,,,,,
6913515052,Other social media,social media,,,
6913511366,"Local meetups, or organized lectures/networking events",events,,,
6913503441,I would connect through instagram or email.,email,instagram,,
6913500019,GroupMe ,group chat,,,
6913497548,I feel like a WhatsApp group chat is easy to set up and has a great UI for large groups. This would be a great way to communicate.,group chat,,,
6913497050,,,,,
6913496528,I’m not sure. ,,,,
6913488866,,,,,
6913488075,,,,,
6913487877,"Email, or possibly another form of group chat.",email,group chat,,
6913487771,,,,,
6913156203,,,,,
6913146676,Instagram,instagram,,,
6912367973,,,,,
6912074461,Twitter,twitter,,,
6911673304,"Email, perhaps other social medias",email,social media,,
6911325321,FB is fine,facebook,,,
6911089024,LinkedIn ,linkedin,,,
6910952134,Email!,email,,,
6910894169,Twitter or something else.,twitter,,,
6910467425,Instagram ,instagram,,,
6910051706,Email,email,,,
6909875987,,,,,
6909863736,Not sure,,,,
6909632647,Instagram and Email,email,instagram,,
6909594735,,,,,
6909580211,,,,,
6909572105,,,,,
6909301950,By my personal email lucilasanz.sand@gmail.com. ,email,,,
6909260821,I don't know,,,,
6909257780,,,,,
6909001177,"linkedin, a NCWIT app",linkedin,NCWIT app,,
6908908024,I’m not sure,,,,
6908799531,Email,email,,,
6908790891,Email or text messages,email,text,,
6908765059,a twitter list of winners ,twitter,,,
6908693642,,,,,
6908686890,email,email,,,
6908667310,email,email,,,
6908623164,Events,events,,,
6908603410,,,,,
6908597775,"If possible, gathering in person when possible as and Aspirations community event.",events,,,
6908563267,Email,email,,,
6908470534,,,,,
6908442349,phone/text message  ,phone,,,
6908287453,An instagram/twitter page or the actual website. An app would also work,instagram,twitter,website,
6908247754,Slack could be a potential way to connect with the rest of the Aspirations community. ,group chat,,,
6908228263,twitter,twitter,,,
6908213403,Meetups!,events,,,
6908165220,Maybe have hangouts a few times a year in a lot of different areas of the country to connect with one another,events,,,
6908090298,,,,,
6908063233,Other social media ,social media,,,
6908010862,LinkedIn? I'm not sure if there's a group feature on it though,linkedin,,,
6907973171,Group messaging of some sort.,group chat,,,
6907962614,Email,email,,,
6907937692,"Instagram, twitter, etc.",instagram,twitter,,
6907925611,Email ,email,,,
6907923623,Twitter ,twitter,,,
6907911305,A community app similar to Girls Who Code Loop,group chat,,,
6907902523,,,,,
6907900741,,,,,
6907900653,email,email,,,
6907896619,"Facebook is good, personal NCWIT forums could be beneficial. ",facebook,forum,,
6907896461,I believe Facebook is the best outlet to connect the with the rest of the Aspirations community.,facebook,,,
6907892662,Other kinds of social media can be used in order to connect with the community. ,social media,,,
6907881692,"I would love if there could be a few more in-person events; I'm so sad I had to miss the award ceremony, because I really wanted to meet other girls interested in tech.",events,,,
6907876816,,,,,
6907871241,If they have an instagram. ,instagram,,,
6907868534,,,,,
6907860907,,,,,
6907857609,Snapchat or instagram,instagram,snapchat,,
6907854870,,,,,
6907853937,,,,,
6907850320,,,,,
6907849391,,,,,
6907847386,,,,,
6907837192,Instagram ,instagram,,,
6907834579,Emails with opportunities and events would be best,email,,,
6907832612,LinkedIn,linkedin,,,
6907825540,Have a live chat and having a day for us to all meet one another.,events,,,
6907823749,Email.,email,,,
6907823734,Messaging apps,group chat,,,
6907818776,,,,,
6907818531,,,,,
6907818445,A luncheon,events,,,
6907817807,GroupMe or LinkedIn,group chat,linkedin,,
6907809021,Instagram,instagram,,,
6907806931,"Instagram, LinkedIn",instagram,linkedin,,
6907806461,,,,,
6907803781,other social media,social media,,,
6907801521,,,,,
6907800532,GroupMe,group chat,,,
6907800005,linkedin ,linkedin,,,
6907799745,,,,,
6907796740,,,,,
6907795779,The AiC website,website,,,
6907795553,Email ,email,,,
6907794839,,,,,
6907794792,LinkedIn ,linkedin,,,
6907794338,Social media,social media,,,
6907792680,,,,,
6907792381,"I like Facebook the most, but I would also use GroupMe.",facebook,group chat,,
6907791042,Instagram and slack,instagram,group chat,,
6907791007,Linkedin,linkedin,,,
6907789128,,,,,
6907786783,Through Instagram ,instagram,,,
6907783890,Email and events,email,events,,
6907783538,Instagram,instagram,,,
6907780272,Via Instagram would be best.,instagram,,,
6907779940,"Email groups, Google groups",email,google,,
6907779372,,,,,
6907779108,email,email,,,
6907778999,,,,,
6907778730,Through in-person meet ups locally.,events,,,
6907778644,N/a,,,,
6907778640,"By Twitter, Instagram, or email",email,twitter,instagram,
6907778314,"Slack group chat, or instagram",group chat,instagram,,
6907778083,,,,,
6907777917,Instagram,instagram,,,
6907767814,,,,,
6907704371,Events or through email again.,email,events,,
6907178185,GroupMe,group chat,,,
6905443480,Organized gatherings,events,,,
6905342048,,,,,
6905312025,,,,,
6905186584,NCWIT can just send me emails or letters. ,email,,,
6905075870,,,,,
6905065690,,,,,
6905008497,Twitter ,twitter,,,
6904905803,,,,,
6904321680,,,,,
6904290872,email,email,,,
6904200694,"I believe that the Facebook group is highly beneficial! I can not think of another easy way to connect and communicate, other than an email newsletter!",facebook,,,
6904093938,,,,,
6903982059,I have found that GroupMe is a successful application for more personal interaction between members of a community.,group chat,,,
6903742426,,,,,
6903659739,,,,,
6903629045,I think facebook works pretty well.,facebook,,,
6903474668,,,,,
6903415123,n/a,,,,
6903330313,Regional meet ups,events,,,
6903179298,Instagram,instagram,,,
6903153105,Instagram,instagram,,,
6903147140,,,,,
6903146671,"A better way would be using other social media sites, such as Instagram. ",social media,,,
6903126115,,,,,
6903108910,"Email, Instagram",email,instagram,,
6902968618,,,,,
6902964466,"Email or text optimally. If a website sends me updates on emails, that works too. ",email,text,website,
6902754573,"Snapchat, an online chat ",snapchat,group chat,,
6902728016,"I do not have any social media, and so none of those would work. However, having local meetings and things like that would help.",events,,,
6902546610,"There wasn't a space to write this, but I was having trouble getting into the Facebook group. It kept saying ""group does not exist anymore.""",,,,
6902517561,,,,,
6902506777,Groupme. Snapchat. ,group chat,snapchat,,
6902444153,,,,,
6902419184,None.,,,,
6902407277,,,,,
6902303239,I have met lots of girls through other girls who are part of the program. I am so grateful for all my NCWIT friends and the opportunities which have come from it. ,events,,,
6902270497,How about making a website for members only,website,,,
6902195807,events and email,email,events,,
6902126730,LinkedIn,linkedin,,,
6902086690,instagram,instagram,,,
6902066379,,,,,
6902031990,Email,email,,,
6901995273,Twitter?,twitter,,,
6901935225,,,,,
6901858488,Instagram ,instagram,,,
6901857854,Facebook is not a platform that I use. I would be able to communicate with other members of the communicate through something such as a blog.,facebook,,,
6901829695,"I don't know, maybe Instagram. ",instagram,,,
6901785635,Local meetups,events,,,
6901752814,LinkedIn,linkedin,,,
6901660794,"Make an instagram page, that's the only form of social media that I have. ",instagram,,,
6901569925,,,,,
6901566134,Electronic Newsletter,email,,,
6901565025,Google calendar along with otger forms of social media such as Twitter,google,social media,,
6901563988,optional community events,events,,,
6901556354,other social media,social media,,,
6901528067,Direct Message,social media,,,
6901522186,Not sure,,,,
6901517822,Text or email,email,text,,
6901515578,Google Drive (team) for postings and surveys,google,,,
6901507704,,,,,
6901466667,"Facebook is my best bet besides maybe via email. I don't use Twitter a lot, but I think it would be helpful for other women.",facebook,,,
6901461821,"instagram, email",email,instagram,,
6901461206,I don't have very much social media so Facebook is essentially the only social media I am connected to. ,facebook,,,
6901447171,An Instagram page would be a good way as well.,instagram,,,
6901442604,Twitter,twitter,,,
6901441954,On the ncwit website,website,,,
6901437322,"n/a really, I think facebook is the best outlet",facebook,,,
6901415143,GroupMe or text messaging would be the best way for me to connect to the rest of the Aspirations community.,group chat,text,,
6901402357,Having sub-groups by region on Facebook so you can connect with people locally.,facebook,,,
6901330977,Email,email,,,
6901292493,,,,,
6901285716,"Facebook is fine, but Slack seems pretty ideal, too",facebook,group chat,,
6901276446,Instagram,instagram,,,
6901274138,Facebook messenger groupchat,facebook,group chat,,
6901274108,"I personally use other forms of social media such as Instagram more commonly than I do Facebook, but I commonly used facebook to try to communicate for college purposes therefore I feel that Facebook is the easiest to use to connect with other people.",facebook,,,
6901273339,,,,,
6901273166,Perhaps create a forum on the aspirations website that is open to members of the community.,forum,,,
6901270788,Instagram or Twitter,instagram,twitter,,
6901269879,Other social media.,social media,,,
6901269003,,,,,
6901266992,Social events,events,,,
6901264217,Literally any other social media platform besides Facebook. Maybe Discord? I don’t know. Why do you guys still use Facebook?,social media,discord,,
6901260772,other social media group chats ,social media,,,
6901258147,Letters,letters,,,
6901257716,"In-person meet ups, and maybe more groups on FB which are more specific? So same age groups/locations/interests/etc",events,facebook,,
6901256729,Website,website,,,
6901253927,Any type of social media.,social media,,,
6901252604,Instagram,instagram,,,
6901252072,Through Instagram or by email,email,instagram,,
6901248287,I think that Instagram or public group messaging applications such as GroupMe would be the best way for me to connect with the rest of the Aspirations community !,instagram,group chat,,
6901247767,,,,,
6901246082,Instagram!,instagram,,,
6901245646,,,,,
6901242851,,,,,
6901242435,I think Instagram would be better. ,instagram,,,
6901231909,Gathering events would be a good way to get to know the rest of the aspirations community ,events,,,
6901230091,,,,,
6901229746,Email,email,,,
6901226728,,,,,
6901224678,Have a website or some sort of platform set up just for the NCWIT community,website,,,
6901224399,Slack?,group chat,,,
6901222668,Instagram,instagram,,,
6901222524,"A Telegram group, possibly Instagram, and more meet-ups.",events,group chat,instagram,
6901220373,Regional newsletters,newsletters,,,
6901220358,,,,,
6901214122,Instagram or a chat on GroupMe would be best.,instagram,group chat,,
6901211635,I believe Instagram or Linkedin would be better ways of connecting with the community ,instagram,linkedin,,
6901211433,"Text or Facebook Messenger, but in small group chats please. It's harder to find relevant information in big group chats",facebook,text,,
6901211324,Instagram or Snapchat. ,instagram,snapchat,,
6901207354,"Social events in specifics regions or have an app similar to ""GWC in the Loop"" where we can connect with other awardees.",events,,,
6901207158,Email and Instagram ,email,instagram,,
6901204253,"Email, webinar, google chat,.",email,group chat,,
6901199384,Maybe Slack?,group chat,,,
6901196964,,,,,
6901195133,"Email, the website, or a discord server",email,website,discord,
6901191246,,,,,
6901189100,Email,email,,,
6901188651,Facebook is the best for me. ,facebook,,,
6901180565,,,,,
6901174262,Email and social media,email,social media,,
6901174026,I'm not sure. Perhaps via Linkedin?,linkedin,,,
6901173428,,,,,
6901168428,"Discord, if possible.",discord,,,
6901168362,I frequently attend local programs with other applicants and winners of the award.,events,,,
6901166608,Meet-ups,events,,,
6901164984,meet them in person,events,,,
6901162817,A Google Site.,google,,,
6901161378,Email,email,,,
6901160493,"Through another social networking site, like Instagram or Twitter",social media,,,
6901154223,,,,,
6901150575,,,,,
6901150065,meet ups.,events,,,
6901148185,,,,,
6901147193,Instagram,instagram,,,
6901147155,"Meet ups in different areas, especially during college. ",events,,,
6901144353,,,,,
6901142881,If there were some kind of forum on the Aspirations website to communicate with other members. ,forum,,,
6901141220,Instagram ,instagram,,,
6901140213,,,,,
6901140070,The best way for me to connect with the rest of the community would be through either email or message.,email,group chat,,
6901138353,N/A,,,,
6901138066,,,,,
6901137800,,,,,
6901137354,Email,email,,,
6901136688,,,,,
6901136301,"Snapchat, Instagram, and maybe Skype.",snapchat,instagram,skype,
6901135955,"Other social media platforms, organized event get-togethers",events,social media,,
6901135869,Twitter.,twitter,,,
6901135672,Email,email,,,
6901135195,"Email, texting, social media",email,text,social media,
6901134796,,,,,
6901133494,Through Instagram or Twitter. ,instagram,twitter,,
6901133290,Any form of social media that allows for groups to connect. Also LinkedIn ,social media,linkedin,,
6901131905,Instagram ,instagram,,,
6901131455,Instagram,instagram,,,
6901128445,,,,,
6901126776,Email,email,,,
6901125509,,,,,
6901124796,Email and potentially LinkedIn!,email,linkedin,,
6901122827,,,,,
6901122484,email,email,,,
6901122229,"Telegram, maybe instagram but that would be pretty iffy",instagram,,,
6901121198,,,,,
6901120149,By emails ,email,,,
6901119691,Instagram,instagram,,,
6901118816,Instagram ,instagram,,,
6901118667,Through email. ,email,,,
6901118497,,,,,
6901118406,Email,email,,,
6901118267,,,,,
6901118029,,,,,
6901117991,,,,,
6901117838,In person events,events,,,
6901117556,Try other social media’s like Instagram.,social media,,,
6901117477,Other social medias ,social media,,,
6901117473,In-person local gatherings are the most accessible to me.,events,,,
6901117336,"I think another good way would be through another social media, such as Instagram or a group chat. ",social media,group chat,,
6901117195,Twitter.,twitter,,,
6901117114,Instagram,instagram,,,
6901117097,"Individual Affiliate Facebook Group, so the opportunities that are based closer to you stand out more. ",facebook,,,
6901116924,I don't know,,,,
6900941721,,,,,
6900729339,An Instagram account,instagram,,,
6900718560,,,,,
6900686893,Google classroom. ,google,,,
6900220728,An email chain,email,,,
6900076847,,,,,
6900033992,"Deviantart, or insta",social media,,,
6900033939,I think Facebook is the best option out there to use as a platform to connect large groups like the Aspirations community.,facebook,,,
6900008178,Discord or slack ,discord,group chat,,
6899996645,,,,,
6899970430,"Email, events",email,events,,
6899959474,Connecting with Google Hangouts and Facebook works well for me.,google,events,,
6899910318,GroupMe?,group chat,,,
6899870232,Maybe Instagram,instagram,,,
6899830521,GroupMe,group chat,,,
6899820089,"Hackathons, events, conferences, and AspireIT meetups (individual or at an event) would be great to connect with the rest of the Aspirations community. ",events,,,
6899807803,Email/LinkedIn,email,linkedin,,
6899803321,instagram,instagram,,,
6899789880,Email?,email,,,
6899785425,Social Media,social media,,,
6899784802,Instagram,instagram,,,
6899776810,-,,,,
6899771373,i do not,,,,
6899767573,Email or Groupme,email,group chat,,
6899764670,group.me,group chat,,,
6899756428,Instagram or other socials,social media,,,
6899753229,N/A,,,,
6899744705,"LinkedIn, Instagram, email, gmail",email,instagram,linkedin,
6899744146,Discord channel,discord,,,
6899734367,,,,,
6899733441,,,,,
6899731308,Maybe regional meetings once a quarter where we can present or casually share ideas?,events,,,
6899730673,"Email, other forms of social media like Instagram",email,social media,,
6899730491,Discord   Email ,email,discord,,
6899729544,Facebook is the best way,facebook,,,
6899726723,Email,email,,,
6899726493,Email. Not sure if the other methods ,email,,,
6899726045,,,,,
6899724758,"GroupMe, Snapchat, etc.",group chat,snapchat,,
6899724709,"Snapchat,email,instagram,and edmodo",email,snapchat,instagram,group chat
6899724705,Right now I don’t have social media accounts. ,,,,
6899724599,web page  ,website,,,
6899724361,I think that perhaps a MeetUp group could also be benificial to reunite the regional affiliates and honorable mentions. ,group chat,,,
6899234333,By email or by any social media group ,email,social media,,
6898634874,,,,,
6897851214,I am not sure. I don't currently have any social media accounts. Maybe a blog-like website for the Aspirations community?,website,,,
6896325412,,,,,
6895685610,"An email chain, or Instagram because I use it more frequently ",email,instagram,,
6895587480,,,,,
6895179166,,,,,
6894668653,,,,,
6893775859,,,,,
6893709373,Instagram would be a nice way to communicate with others in the community,instagram,,,
6893186675,,,,,
6893110350,email,email,,,
6893002496,Getting emailed information about other opportunities to get involved. ,email,,,
6892927162,,,,,
6892622578,A centralized website,website,,,
6892574961,email/events,email,events,,
6892431491,"Snapchat, instagram  ",instagram,snapchat,,
6891901627,,,,,
6891862815,Instagram,instagram,,,
6891708153,twitter group? I'm not familiar with most social media,twitter,,,
6891577186,I don't think another mode is necesarry,facebook,,,
6891575927,Perhaps having an Instagram showcasing photos of past winners.,instagram,,,
6891571412,"Email, or I use Instagram and LinkedIn as well as text messages. If allowed, it would be interesting to try and make an NCWIT application for mobile devices. ",email,linkedin,instagram,text
6891569064,"Newsletter? Does that even exist? Lol, I'll make one for you guys if it doesn't",newsletters,,,
6891567289,Group me,group chat,,,
6891559548,LinkedIn,linkedin,,,
6891459859,Group chats,group chat,,,
6891383143,"Meetings, Instagram.",events,instagram,,
6891336289,NA,,,,
6891293088,Email  ,email,,,
6891241642,,,,,
6891194213,,,,,
6891053999,Instagram,instagram,,,
6890993967,email,email,,,
6890977722,,,,,
6890977633,GroupMe,group chat,,,
6890969422,Snapchat or Instagram or a group message app,snapchat,instagram,group chat,
6890956331,Possibly other social media outlets like Twitter or Instagram.,social media,,,
6890952669,,,,,
6890919586,"I think email is best, but if you're looking for a large social media platform besides Facebook, Instagram is widely used.",email,instagram,,
6890915935,I don't really have social media.,,,,
6890893309,Email,email,,,
6890875371,,,,,
6890779221,Email or maybe a group thing somewhere else like snapchat,email,group chat,,
6890777943,I think Facebook is the perfect platform for the Aspirations community.,facebook,,,
6890776082,social media!,social media,,,
6890764550,,,,,
6890760956,Snapchat  Instagram  ,snapchat,instagram,,
6890750574,,,,,
6890736258,,,,,
6890730204,Instagram,instagram,,,
6890727027,Snapchat group or separate story,snapchat,,,
6890699715,instagram,instagram,,,
6890692433,,,,,
6890690521,twitter,twitter,,,
6890682691,For us to have opportunities and projects that we can all give our input on,,,,
6890668809,Instagram & other events. ,instagram,events,,
6890660189,Meetings/Networking events,events,,,
6890659233,"Instagram, Slack, or Snapchat. Those are the social media platforms that most girls use.",instagram,snapchat,group chat,
6890650029,n/a,,,,
6890644006,Email,email,,,
6890640722,Website.,website,,,
6890639614,Twitter,twitter,,,
6890614358,email; I don't do a lot of social media including Facebook,email,,,
6890613584,i dont,,,,
6890610730,Group chat for support or a few mentors,group chat,,,
6890604699,Emails and text messages.,email,text,,
6890603377,Via email.,email,,,
6890596547,Other social media platforms,social media,,,
6890594539,Twitter,twitter,,,
6890592055,Groupme,group chat,,,
6890581885,,,,,
6890577898,,,,,
6890576714,Email is great ,email,,,
6890572823,,,,,
6890568936,Email,email,,,
6890565856,,,,,
6890561112,,,,,
6890560448,Phone,phone,,,
6890559806,,,,,
6890556525,,,,,
6890546380,"I'm not sure. I don't use Facebook, so my mom is the one in the Facebook group.",,,,
6890544072,,,,,
6890540799,,,,,
6890540631,"Through some interconnected Google group, perhaps?",google,,,
6890537130,Instagram ,instagram,,,
6890536649,Perhaps an Instagram?,instagram,,,
6890535713,email newsletters,email,,,
6890530284,Face to face meetings?,events,,,
6890528706,groupme,group chat,,,
6890528411,Twitter,twitter,,,
6890527693,,,,,
6890527159,,,,,
6890527077,Email,email,,,
6890526762,"School, other social media platforms ",social media,,,
6890526460,Snapchat? ,snapchat,,,
6890526109,na,,,,
6890523980,instagram ,instagram,,,
6890523649,Instagram and twitter ,instagram,twitter,,
6890470652,Website,website,,,
6888571408,"Messenger, email, and Instagram, and Snapchat.",email,instagram,snapchat,
6888191058,Instagram ,instagram,,,
6887158299,Maybe LinkedIn?,linkedin,,,
6886316524,,,,,
6884945557,Snapchat ,snapchat,,,
6883571299,,,,,
6882766801,"Social media platforms are the easiest to access, so perhaps Instagram.",social media,,,
6882575320,Instagram,instagram,,,
6882204608,Messenger,group chat,,,
6881727386,Instagram,instagram,,,
6881260179,Email,email,,,
6881166147,more in-person meetings,events,,,
6880868665,"Instagram, email, any other social media site",email,social media,,
6880670761,Instagram,instagram,,,
6880602612,"email, text",email,text,,
6880311785,Other social media,social media,,,
6880265534,Instagram or Snapchat  ,instagram,snapchat,,
6880203498,,,,,
6880149794,,,,,
6880073744,,,,,
6879780228,Twitter,twitter,,,
6879719003,Via Email,email,,,
6879364891,Email. ,email,,,
6878806573,,,,,
6878664557,"Group Me, Twitter, etc. ",group chat,twitter,,
6878597298,,,,,
6878126412,Gmail maybe,email,,,
6877956510,,,,,
6877924389,Facebook is the best way.,facebook,,,
6877448561,"Through a ""slack"" group chat",group chat,,,
6877374482,Facebook is a good one... Maybe groupme? or twitter,facebook,twitter,group chat,
6877341377,Instagram (but I know this is difficult for large groups),instagram,,,
6877127025,"I don't really have any social media yet, other than SnapChat. I plan to change that soon so I can keep in touch with my friends as we all go off to college.",snapchat,,,
6877018856,,,,,
6876879546,,,,,
6876872519,Groupchat?,group chat,,,
6876789806,Instagram or Snapchat. ,instagram,snapchat,,
6876711110,,,,,
6876703734,,,,,
6876690804,Maybe an Instagram account,instagram,,,
6876652331,,,,,
6876165137,Reddit perhaps like a reddit group? Or a group me might work! ,reddit,group chat,,
6876108414,"Another group, maybe even through an app or a messaging board on the NCWIT website. ",website,,,
6876092235,Best ways would be other social medias.,social media,,,
6876087290,,,,,
6876079640,Email,email,,,
6876010797,"Group me, form of group chat",group chat,,,
6876008855,,,,,
6875980100,instagram,instagram,,,
6875971297,,,,,
6875957893,,,,,
6875925605,Maybe a group messaging site or by Instagram,group chat,instagram,,
6875924679,Instagram,instagram,,,
6875915957,GroupMe is also a good platform for more informal group discussions.,group chat,,,
6875877389,"Groupchats, Instagram",group chat,instagram,,
6875861919,Instagram ,instagram,,,
6875735625,Just email ,email,,,
6875734147,Email O______o,email,,,
6875713528,,,,,
6875708016,Twitter or Instagram,instagram,twitter,,
6875694193,instagram?,instagram,,,
6875678669,.,,,,
6875647848,email,email,,,
6875634495,twitter or instagram,twitter,instagram,,
6875632293,Instagram,instagram,,,
6875626457,,,,,
6875625755,I do not use social media that often.,,,,
6875625657,Instagram ,instagram,,,
6875618776,Snapchat?,snapchat,,,
6875533998,GroupMe,group chat,,,
6875524983,Email,email,,,
6875504400,Other social media like twitter ,social media,,,
6875493872,I'm not sure. The community is so large and spread all over the country that it would have to be over some sort of technology.,,,,
6875488604,Instagram,instagram,,,
6875488175,"Through other social media, like Twitter, Instagram etc. and direct chats like WhatsApp chats.",social media,group chat,,
6875481194,Instagram or Snapchat ,instagram,snapchat,,
6875472888,,,,,
6875455644,,,,,
6875444240,text messages and other social medias ,social media,text,,
6875429645,,,,,
6875426311,,,,,
6875354779,Twitter ,twitter,,,
6875353923,,,,,
6875311049,Email newsletter updates,email,,,
6875305515,?,,,,
6875295413,I think Facebook is the best way,facebook,,,
6875287099,email,email,,,
6875284771,,,,,
6875279122,Text,text,,,
6875278811,I'm not sure,,,,
6875271882,Instagram?,instagram,,,
6875268758,Instagram and email,email,instagram,,
6875255268,Group me? Email,email,group chat,,
6875254152,,,,,
6875240118,Twitter. ,twitter,,,
6875239083,"Just having local meet ups. I know a lot of the NCWITers in my hometown, but I'd love to meet the other NCWIT girls in the Denver area if we could get a meet up going.",events,,,
6875234258,,,,,
6875231422,"For regions, there should be an email list for local opportunities.  For broader things,  the Facebook page sounds good.",email,facebook,,
6875220505,"in person meetings, with people from state",events,,,
6875219057,,,,,
6875213522,A Discord group or Twitter,twitter,discord,,
6875209971,emails,email,,,
6875209658,,,,,
6875209139,I will join a chapter at college.,,,,
6875207065,,,,,
6875204087,Newsletter? Occasional events? ,newsletter,events,,
6875202895,Instagram or Snapchat ,instagram,snapchat,,
6875200018,I don’t think there is a way. The closest thing I have to social media is texting.,text,,,
6875189916,Plausibly some other social media platform or more local events ,social media,events,,
6875189893,Email or a newsletter of sorts would be very beneficial,email,,,
6875182719,,,,,
6875180584,"Snapchat, messenger, and in person activities in Wisconsin. ",snapchat,group chat,events,
6875179593,A GroupMe or other chat group!,group chat,,,
6875177492,Instagram,instagram,,,
6875177108,,,,,
6875176601,A groupme might be helpful!,group chat,,,
6875175108,"Instagram, so we can share photos and activities going on in the community!",instagram,,,
6875174826,Other social media platforms ,social media,,,
6875173656,Emails or text messages.,email,text,,
6875172963,Email ,email,,,
6875171785,n/a,,,,
6875166791,,,,,
6875165830,,,,,
6875160001,,,,,
6875155595,Website ,website,,,
6875153284,LinkdIn,linkedin,,,
6875152167,,,,,
6875151027,Connecting through LinkedIn.,linkedin,,,
6875146415,"E-mail, and, with participants permission, awareness of other NCWITers in my area",email,,,
6875146403,The use of other social media platforms would be most successful in addition to Facebook,social media,,,
6875143475,,,,,
6875143304,social media,social media,,,
6875140503,Email,email,,,
6875134180,Instagram,instagram,,,
6875130624,"Facebook, Messenger, emails, Instagram would be the best ways.",email,facebook,instagram,group chats
6875118683,Being a member of a website or receiving emails about anything that is going on.,email,website,,
6875118422,Email,email,,,
6875106514,Through google hangouts,google,,,
6875106313,email,email,,,
6875101438,,,,,
6875097856,,,,,
6875097154,,,,,
6875087974,,,,,
6875084818,Email,email,,,
6875071830,Instagram,instagram,,,
6875062016,"As I said, emails are always great! But another way could be through Instagram, it's a great platform to show the people behind NCWIT, our winners and updates about things happening in our community.",email,instagram,,
6875057495,Events,events,,,
6875056653,,,,,
6875055131,Possibly through more local gatherings or group chats.,events,group chat,,
6875054044,Twitter,twitter,,,
6875050847,,,,,
6875047893,,,,,
6875047560,Instagram. ,instagram,,,
6875044493,,,,,
6875043805,,,,,
6875034982,Facebook and Messenger ,facebook,group chat,,
6875030651,,,,,
6875029030,Having a twitter to update us more frequently.,twitter,,,
6875025092,,,,,
6875022246,"email, Twitter, instagram ",email,twitter,instagram,
6875019996,N/A,,,,
6875007775,,,,,
6875003103,Other social media outlets.,social media,,,
6875001020,Meet-up and Social Events,events,,,
6874998654,A forum would be best. ,forum,,,
6874998646,Facebook works well,facebook,,,
6874996743,Group chats ,group chat,,,
6874994108,,,,,
6874992891,A Facebook like system on aspirations.org,facebook,,,
6874990651,"Snapchat, Instagram, and Twitter",snapchat,instagram,twitter,
6874989110,,,,,
6874981094,N/A,,,,
6874981008,I am not sure.,,,,
6874980435,A group me group chat would be cool-- I was in a bunch when deciding where to go to college and it was a good way to get to know people,group chat,,,
6874980204,Organized events and gatherings,events,,,
6874980040,Email ,email,,,
6874974391,"I'm not sure, I think Facebook may be the best way",facebook,,,
6874974220,,,,,
6874972661,,,,,
6874971744,twitter or instagram ,twitter,instagram,,
6874970284,GroupMe or Snapchat group,group chat,snapchat,,
6874969595,,,,,
6874968933,telephone ,phone,,,
6874965249,,,,,
6874964968,,,,,
6874964841,,,,,
6874963488,twitter ,twitter,,,
6874962807,An Instagram group or a website/blog. ,instagram,website,,
6874962382,instagram,instagram,,,
6874959606,Not sure.,,,,
6874958196,Email,email,,,
6874958167,Email ,email,,,
6874957389,SNAP CHAT and community events,snapchat,events,,
6874956472,,,,,
6874955864,Maybe through a group chat.,group chat,,,
6874955656,,,,,
6874953471,meet ups,events,,,
6874952635,,,,,
6874950000,Other social media such as Instagram .,social media,,,
6874949923,Snapchat ,snapchat,,,
6874949743,Twitter and LinkedIn,twitter,linkedin,,
6874949678,instagram ,instagram,,,
6874949634,Facebook is good ,facebook,,,
6874948955,,,,,
6874947692,Slack,group chat,,,
6874946799,Email or Instagram ,email,instagram,,
6874946234,,,,,
6874940599,Facebook would be the best way once I am able to join.,facebook,,,
6874937414,,,,,
6874937395,Group chat or discord.,group chat,discord,,
6874937368,Instagram ,instagram,,,
6874936140,Instagram,instagram,,,
6874934640,"Facebook is good for me, I just didn't know about it",facebook,,,
6874933322,Maybe local meetups,events,,,
6874931337,Any social media site would work for me or texting.,social media,text,,
6874930355,Twitter ,twitter,,,
6874928762,instagram,instagram,,,
6874927306,I would think through email or a group chat.,email,group chat,,
6874926485,twitter,twitter,,,
6874925816,groupme,group chat,,,
6874924657,,,,,
6874924550,GroupMe,group chat,,,
6874924506,Email,email,,,
6874924476,Emails,email,,,
6874924344,Maybe an app that helps organize meet-ups? Slack maybe?,events,slack,,
6874924128,Other social media platforms? Perhaps instagram or snapchat?,social media,,,
6874923385,Email or other social media websites/apps,email,social media,,
6874923096,Email,email,,,
6874923057,Email.,email,,,
6874922893,,,,,
6874922723,Email or Instagram ,email,instagram,,
6874922255,Instagram or text messages ,instagram,text,,
6874921882,Twitter ,twitter,,,
6874921799,None come to my mind.,,,,
6874903449,Emails,email,,,
6873832773,N/A,,,,
6873052983,I think Facebook is the best media in this scenario.,facebook,,,
6873014305,More workshops maybe? If possible. ,events,,,
6872542531,Another way to connect could be through GroupMe. ,group chat,,,
6872400513,Instagram or Linkedin,instagram,linkedin,,
6871845503,E mail,email,,,
6871663723,,,,,
6871567241,,,,,
6871550756,Text messaging groups.,text,,,
6871344123,"Twitter, a website specific for NCWIT connections. ",twitter,,,
6871322073,LinkedIn perhaps?,linkedin,,,
6871090399,,,,,
6870919388,Email,email,,,
6870794619,In person events where you get to socialize and learn from members of the community ,events,,,
6870353230,"Email works well. For alerts like something is due that day Remind might work, where it gives you an urgent text alert. ",email,,,
6870348409,Instagram,instagram,,,
6870285308,A website containing all related information about what's coming up for the Aspirations members,website,,,
6870269425,,,,,
6870260319,,,,,
6870251588,Facebook is a great platform for communication,facebook,,,
6870221099,Email works well ,email,,,
6870202723,"Instagram, Snapchat, Discord, Tumblr",instagram,snapchat,discord,tumblr
6870155550,,,,,
6870108240,Email,email,,,
6870003282,instagram,instagram,,,
6869963264,Snapchat and instagram. ,snapchat,instagram,,
6869921502,"Email, other groups or get-togethers",email,events,,
6869856631,,,,,
6869756496,"Probably through email or some other network besides Facebook, perhaps LinkedIn. Facebook is quickly becoming obsolete.",email,linkedin,,
6869735737,Snapchat,snapchat,,,
6869718149,Maybe set up time where people can get together,events,,,
6869707903,Group Slack,group chat,,,
6869641207,,,,,
6869640755,group text,group chat,,,
6869624176,,,,,
6869619045,email,email,,,
6869538705,,,,,
6869488590,Email.,email,,,
6869406392,,,,,
6869384043,"Instagram, at multiple events I have received the numbers and Instagrams of the girls so we can stay in touch. ",instagram,,,
6869069495,Google hangouts ,google,,,
6869040227,,,,,
6868983361,Perhaps at events at college campuses or through email.,email,events,,
6868908420,,,,,
6868907868,"For me, a website or public forum is probably the only way.",website,forum,,
6868861161,Either an instagram page or snapchat group story. Those are the only two social media I have.,instagram,snapchat,,
6868856161,,,,,
6868855396,,,,,
6868851003,"The best way for me to connect with the rest of the Aspirations community is through WhatsApp, gmail, or cell,",email,text,group chat,
6868845818,,,,,
6868828250,Email,email,,,
6868757870,Instagram,instagram,,,
6868716909,Other forms of social media. ,social media,,,
6868708848,"A list of community members, the schools they attend and companies they work for",,,,
6868675743,Social media and events.,social media,events,,
6868665974,"Social media, other than Facebook, or texting. ",,,,
6868647479,Twitter I guess,,,,
6868614473,,,,,
6868549019,,,,,
6868493630,Other social media platforms,,,,
6868454007,you all could create a program or you alls own app ,,,,
6868446541,"I don't use social media like most people, but I have a Twitter account due to other reasons.",,,,
6868418446,Instagram?,,,,
6868403165,"snapchat, Instagram, youtube, email",,,,
6868401069,groupme  instagram,,,,
6868398198,"SMS messages, and emails",,,,
6868381598,My SISD email or Gmail. ,,,,
6868368955,,,,,
6868363482,Local NCWIT events,,,,
6868325246,,,,,
6868278081,,,,,
6868248446,,,,,
6868173818,,,,,
6868159810,"Maybe a website? I love the Facebook group, so I don’t see a need for anything else, but a website might make it easier to navigate or find people in my area.",,,,
6868147711,I'm not sure. Maybe Instagram?,,,,
6868086192,,,,,
6867898933,"email, text",,,,
6867898847,"Slack, instagram ",,,,
6867894884,,,,,
6867875831,School and email.,,,,
6867859137,Email or Instagram,,,,
6867856158,Possibly a regional GroupMe (but only used for communicating messages and not for random spam),,,,
6867855514,I believe that Facebook is the best way since its easy for users to use as well as access. Another way would be more group meetups. ,,,,
6867848502,"Instagram, possibly Twitter",,,,
6867807281,,,,,
6867792542,Email would honestly be the best way to communicate...Slack is also a good option.,,,,
6867784017,email & twitter,,,,
6867693386,Instagram,,,,
6867686507,"A forum of some sort, maybe on reddit.",,,,
6867677163,Not sure.,,,,
6867605680,In-person events and groupchats.,,,,
6867596827,,,,,
6867520975,Instagram.,,,,
6867519670,"I believe email and meet ups, especially in the rural areas.",,,,
6867510179,"Slack community, email monthly newsletter ",,,,
6867506891,Maybe a a group email is sent our when there is an opportunity that one of us can take.,,,,
6867475332,text message,,,,
6867441671,Instagram,,,,
6867437890,,,,,
6867429239,if they have any other form of social media or through email would be best ,,,,
6867429163,Email,,,,
6867426369,It would be cool to see a big Discord server or something to communicate with other community members!,,,,
6867407600,We already have very effective group chats (which sometimes are harder to find) for separate subjects. A Google Drive with resources would be especially effective! ,,,,
6867401162,the same way-through email,,,,
6867379038,email,,,,
6867358024,,,,,
6867327214,"Perhaps a different type of group, like Slack, a Twitter group chat, etc. ",,,,
6867321774,a giant group chat with groupme? ,,,,
6867317264,,,,,
6867312917,,,,,
6867293484,Emails,,,,
6867278585,,,,,
6867261533,"twitter? I'm not really sure, I think Facebook is the best way",,,,
6867259242,"They should have a twitter profile, twitter in my opinion is very efficient. ",,,,
6867255715,"Email, instagram, or twitter. ",,,,
6867250757,,,,,
6867242465,Discord server or maybe a Reddit channel ,,,,
6867230003,none,,,,
6867218210,Probably over email or texting.,,,,
6867187455,Not sure,,,,
6867171822,WhatsApp ,,,,
6867171075,Additional social media,,,,
6867167466,,,,,
6867166489,Also email for me.,,,,
6867158431,Email,,,,
6867137991,,,,,
6867137770,twitter,,,,
6867124145,"Website, Email and I have also participated in WebEx presentations that I found to be very engaging.  ",,,,
6867114404,I almost think having a bulletin board on their website would be the best. That way anyone could post their events and updates on things in their area. ,,,,
6867093418,Through e-mail,,,,
6867076246,Maybe groupMe- different smaller groups as well as larger ones.,,,,
6867059847,,,,,
6867056586,"In addition to Facebook, the only other form of connection I can think of is reunions or retreats. It would be neat to have face to face time with the girls and speak about real life experiences.",,,,
6867042905,"Possibly through some other social media group, or even better, a website.",,,,
6867026710,Instagram,,,,
6867024210,Nothing,,,,
6867020848,email,,,,
6867019316,,,,,
6867008816,events,,,,
6866988865,Instagram or email,,,,
6866972813,Twitter,,,,
6866953532,group-me,,,,
6866943489,"Twitter, Google+",,,,
6866935110,Twitter would be a great option.,,,,
6866933247,"Other social media like Instagram. Or, maybe some get together events at local venues like restaurants.",,,,
6866929744,Possibly more reunions with the other winners,,,,
6866915969,Instagram,,,,
6866903749,,,,,
6866897770,,,,,
6866885822,,,,,
6866862299,Maybe Instagram if possible since most girlsnmy age have it,,,,
6866857523,through the website,,,,
6866707200,,,,,
6866688940,,,,,
6866686746,Instagram ,,,,
6866681621,Not sure. I don’t do social media. ,,,,
6866671182,More regional events,,,,
6866669779,"Facebook is a great idea. It has been there for me when I wanted to reach out to others. Overall, the current communication platform best suits me.",,,,
6866651731,,,,,
6866633619,"The Girls Who Code community has a private Loop platform/app that is both secure and effective for communicating opportunities. I enjoy their platform a lot, but most users are still more familiar with Facebook.",,,,
6866633193,,,,,
6866632761,LinkedIn,,,,
6866631634,,,,,
6866628946,"Snapchat, groupme",,,,
6866621583,Email,,,,
6866618607,Email,,,,
6866617858,text group or slack ,,,,
6866615863,Through other social media and fun group competitions,,,,
6866612961,,,,,
6866611752,,,,,
6866606446,Instagram ,,,,
6866605162,,,,,
6866604744,Email,,,,
6866602785,Categorized Slack,,,,
6866595779,"As far as social media goes, I mainly use Instagram and Snapchat.",,,,
6866595432,"email, Slack",,,,
6866593637,"Instagram, and more networking with a variety of different computers and careers ",,,,
6866592628,"Connecting with a mentor, email, or phone",,,,
6866592233,Group chat ,,,,
6866588025,,,,,
6866587243,"email, snapchat ",,,,
6866586089,"Facebook is my main source of communication with groups. Otherwise, GroupMe works (but it’s fitted more for smaller groups)",,,,
6866585113,"email, instagram",,,,
6866582630,,,,,
6866578798,,,,,
6866577319,,,,,
6866575221,Maybe a group chat using the remind app so we don't have to give out our phone numbers if we don't want to.,,,,
6866574696,,,,,
6866574491,,,,,
6866573726,"State meetups would be nice (if these don’t already exist), and maybe some cool computing challenges we can take part in as a community. ",,,,
6866572182,In-person events,,,,
6866560827,I think Facebook works just fine,,,,
6866559973,Email? Maybe a group on another social media platform as well. ,,,,
6866555831,Maybe a twitter?,,,,
6866552864,Other social media,,,,
6866548822,"I use twitter often, so twitter can be a better social platform for communication. ",,,,
6866547210,Email or a google classroom/Edmodo type platform. ,,,,
6866546021,Maybe a website directly for members of the community to communicate with each other ,,,,
6866545779,I'm not sure,,,,
6866544976,email,,,,
6866541388,,,,,
6866539733,I’m not sure. Possibly another form of social media.,,,,
6866538451,Instagram,,,,
6866537037,,,,,
6866532171,Instagram,,,,
6866530765,Events for the regional aspirations community to get together,,,,
6866522960,The best way to connect with the Aspirations community would be through phone or text.,,,,
6866519438,Have a group at my university - maybe work with SWE.,,,,
6866519434,Idk,,,,
6866517248,,,,,
6866517112,,,,,
6866515576,Facebook is great,,,,
6866512744,Either through other social media platforms like Instagram or Twitter.,,,,
6866512410,,,,,
6866511377,Email,,,,
6866511247,,,,,
6866509829,,,,,
6866504550,"Instagram, GroupMe, LinkedIn",,,,
6866502591,"The best ways for me to be able to connect with the rest of the Aspirations community would be through other forms of social media, such as Instagram or snapchat. ",,,,
6866499644,,,,,
6866499283,"As mentioned previously, my email is the best way.",,,,
6866498266,,,,,
6866498183,Maybe a group chat,,,,
6866497501,twitter,,,,
6866497240,Email,,,,
6866496560,instagram/twitter,,,,
6866495800,"Instagram, Twitter",,,,
6866495656,,,,,
6866493515,Google group,,,,
6866492418,Having a slack channel or Reddit would be great. ,,,,
6866491607,,,,,
6866489573,Email,,,,
6866489323,Instagram.,,,,
6866487285,Email??,,,,
6866486981,"Email, GroupMe, other forms of social media",,,,
6866485955,,,,,
6866485914,"Instagram, twitter, snapchat",,,,
6866485113,"Facebook seems good, maybe an online forum on the website ",,,,
6866484904,,,,,
6866483141,Instagram or discord channel,,,,
6866482868,,,,,
6866481157,,,,,
6866480050,"Instagram, probably, and email",,,,
6866479344,Maybe through Instagram. ,,,,
6866479008,,,,,
6866478782,"I can't think of any ways except Facebook that's an extremely good resource to connect with the Aspirations community. Meetups would be great, but the FB group allows so many of us to hold meetups already, and offers many opportunities that naturally connect NCWIT members.",,,,
6866478454,not really sure,,,,
6866478323,"idk, emails. not facebook because I DON'T HAVE A FACEBOOK",,,,
6866477771,Email,,,,
6866476405,Another form of online platform or messaging group. ,,,,
6866476284,,,,,
6866475189,I use instagram and snapchat.,,,,
6866474600,,,,,
6866474506,"A large email group might be nice, but I could also see it getting annoying real quick",,,,
6866472791,,,,,
6866472119,See the posts and information ,,,,
6866472108,,,,,
6866471577,"I'm not sure, but maybe LinkedIn?",,,,
6866471434,Email,,,,
6866471276,A Whatsapp group,,,,
6866470910,The best way to for me to connect with the rest of the Aspirations community is through Instagram,,,,
6866467573,Regional gatherings events for stem girls,,,,
6866467335,Email and group me ,,,,
6866466388,"Meetups, newsletter",,,,
6866464649,Through Facebook or my Email,,,,
6866462663,,,,,
6866462258,,,,,
6866462210,"Email, Instagram, group chats using GroupMe",,,,
6866462008,Instagram,,,,
6866460618,Snapchat,,,,
6866460004,Text,,,,
6866458952,Other social media (Instagram or Snapchat). ,,,,
6866458300,,,,,
6866456087,Can't think of any other ways  ,,,,
6866452364,LinkedIn,,,,
6866452247,,,,,
6866449150,Email,,,,
6866447394,Instagram and Snapchat!,,,,
6866446682,,,,,
6866446638,Email,,,,
6866445854,"Perhaps a blog or website, maybe entirely designed by award winners!",,,,
6866443536,Instagram or Twitter,,,,
6866435229,"Group chats, Google",,,,
6866433436,"I'm not much of a people person, so no way is really best. Facebook is fine :)",,,,
6866432195,,,,,
6866432015,Other social media platforms,,,,
6866430859,E-mail,,,,
6866430415,A group chat or email group and meet ups ,,,,
6866428583,Email,,,,
6866428144,Facebook. ,,,,
6866426006,,,,,
6866425571,A group me group chat or emails. ,,,,
6866425426,"Email, phone, ",,,,
6866423293,,,,,
6866422994,Events. ,,,,
6866421778,,,,,
6866420676,Not sure,,,,
6866417455,An aspirations app,,,,
6866417307,phone number,,,,
6866416488,,,,,
6866416049,I think Facebook is a great way to connect with the rest of the Aspirations community!!,,,,
6866415359,Text or Skype ,,,,
6866415266,Email ,,,,
6866413941,,,,,
6866411278,"yes, I already follow on facebook. ",,,,
6866411236,A camp,,,,
6866409494,Twitter,,,,
6866408591,Email,,,,
6866407828,Email chain,,,,
6866405939,Email,,,,
6866405337,Facebook has been excellent.  ,,,,
6866404111,,,,,
6866401120,Email,,,,
6866400332,"I think Facebook works well, I can't think of anything else",,,,
6866399086,"The best ways would be though email, Instagram,  and text. ",,,,
6866398066,Email,,,,
6866396993,Linked In it is the only online presence I keep of myself.,,,,
6866390744,,,,,
6866389437,text/insta,,,,
6866389416,"GroupMe, (instagram?)",,,,
6866388286,,,,,
6866388246,"Personally, I prefer email",,,,
6866387544,Maybe having a better way to have smaller and more similar groups to share connections and discuss. ,,,,
6866387215,Email,,,,
6866386246,groupme,,,,
6866385838,"Instagram, create an app for the community",,,,
6866385318,IntsA,,,,
6866385115,Snapchat,,,,
6866385087,Instagram,,,,
6866384594,I really can’t think of any other platform where we could all connect.,,,,
6866382604,Through email,,,,
6866381619,Instagram,,,,
6866381333,Probably through video chats and in person meetings,,,,
6866380226,"Again, via email because I rarely use my  social media accounts.",,,,
6866380152,,,,,
6866379959,local meetings,,,,
6866379896,Emails,,,,
6866378493,Instagram,,,,
6866377859,Discord?,,,,
6866377120,Twitter,,,,
6866376490,Snapchat Instagram,,,,
6866376165,,,,,
6866375846,Through email.,,,,
6866375523,,,,,
6866375474,Either through email or text.,,,,
6866374167,,,,,
6866372998,Facebook is okay ,,,,
6866371989,I have Instagram and I actively check my email.,,,,
6866371116,Actual Meetings ,,,,
6866368843,,,,,
6866368144,,,,,
6866366722,More meet ups and events at tech companies! ,,,,
6866365884,,,,,
6866365570,The Facebook group seems fine.,,,,
6866365213,Community meetings/events/hackathons,,,,
6866365054,Email,,,,
6866364518,Twitter and Instagram,,,,
6866363992,email and snapchat,,,,
6866363757,,,,,
6866363408,,,,,
6866362252,"Other social media platforms may be useful. In addition, getting more publicity would be really helpful given that I had no idea of this award opportunity before this year.",,,,
6866360371,,,,,
6866360163,Instagram,,,,
6866359736,Instagram page or on LinkedIn,,,,
6866359492,,,,,
6866359211,,,,,
6866359032,phone numbers? emails?,,,,
6866359006,,,,,
6866358400,.....email?,,,,
6866358129,LinkedIn,,,,
6866358071,,,,,
6866357905,email,,,,
6866357381,Twitter and  Instagram,,,,
6866356750,Instagram,,,,
6866355887,,,,,
6866355192,"Maybe a group chat, instagram, or some type of group messaging ",,,,
6866354111,Email,,,,
6866353745,,,,,
6866353681,Other social media,,,,
6866353299,,,,,
6866352192,Twitter and GroupMe ,,,,
6866352163,Facebook would just be fine,,,,
6866351757,Local events would be awesome!,,,,
6866351470,Emails!,,,,
6866351403,unsure,,,,
6866351364,Regional meet ups. ,,,,
6866349694,I think the Facebook group is sufficient.,,,,
6866349350,,,,,
6866349312,groupme or slack,,,,
6866349196,Maybe a regular e-newsletter with info included for members from members?,,,,
6866348886,Insta,,,,
6866348754,"Slack, discord, or similar messaging system. ",,,,
6866347589,more meet-ups in the Atlanta area,,,,
6866347532,Email,,,,
6866346776,Perhaps local messaging groups ,,,,
6866346547,Text message group,,,,
6866346499,,,,,
6866346027,Other social media platforms,,,,
6866345804,Connecting through Snapchat or Instagram would be interesting because they're picture-based apps.,,,,
6866345770,"Mostly email, but other social medias such as Twitter",,,,
6866345121,,,,,
6866344380,,,,,
6866343940,,,,,
6866342959,Facebook is perfect,,,,
6866342629,Gmail ,,,,
6866342363,Instagram,,,,
6866342185,Via email or twitter ,,,,
6866342147,Instagram or Twitter,,,,
6866342027,,,,,
6866342004,Reunions,,,,
6866341704,,,,,
6866341540,,,,,
6866341117,,,,,
6866341082,,,,,
6866341042,I would love to see an NCWIT specific platform for connecting with the rest of the Aspirations community. Something like a moderated posting board would be awesome!,,,,
6866341029,Facebook is a good method in my opinion,,,,
6866340903,Twitter,,,,
6866340834,,,,,
6866340674,,,,,
6866340574,other social media platforms,,,,
6866340400,email!,,,,
6866340271,Instagram,,,,
6866340196,GroupMe,,,,
6866340184,Email ,,,,
6866340068,,,,,
6866339969,"Regional meetups, snapchat, groupme",,,,
6866339577,,,,,
6866339230,Sharing ideas and events so we can meet and connect with others,,,,
6866339072,Twitter or Instagram,,,,
6866339014,"Honestly, I have no idea.",,,,
6866338501,,,,,
6866338472,Instagram account,,,,
6866337450,Instagram,,,,
6866337370,Group chats with the other winners in the regional affiliate and with people going to the same college perhaps,,,,
6866337202,Through email or online group chats,,,,
6866336885,,,,,
6866336368,,,,,
6866336241,Any other social media.,,,,
6866335772,Instagram,,,,
6866335605,,,,,
6866335238,,,,,
6866335186,"Facebook is probably the best way, because its ""groups"" feature is perfect for community engagement.",,,,
6866335137,,,,,
6866335010,"Linkedin, events, and programs. ",,,,
6866334806,,,,,
6866334181,,,,,
6866334086,"Emails, remind group",,,,
6866334005,email,,,,
6866333679,Instagram. Email. ,,,,
6866333639,"I don't use other social media besides Facebook, so none.",,,,
6866333633,Email or Twitter. ,,,,
6866333464,,,,,
6866333390,email,,,,
6866333311,"Group emails, hangouts group messages, text messages",,,,
6866333275,"Text, Facebook or any other social media plate form except twitter. I do not have twitter",,,,
6866333152,email,,,,
6866333025,Meet ups ,,,,
6866332974,"A forum, possibly?",,,,
6866332928,,,,,
6866332912,Have opportunities to meet up with other winners/HM’s in your state,,,,
6866332628,,,,,
6862737137,Discord,,,,
6862428651,I'm not really sure of what else would be a good way to communicate with the Aspirations community. ,,,,
6861514991,"Email,Google hangouts, social media",,,,
6860506418,"Email, Instagram  ",,,,
6860352902,Instagram!,,,,
6859966929,Social events,,,,
6859876095,email ,,,,
6859753364,Twitter,,,,
6859643214,,,,,
6859532415,Instagram,,,,
6859485681,I would say through LinkedIn,,,,
6859482260,Social media,,,,
6858955017,Email,,,,
6858651820,Perhaps by Slack.,,,,
6858418018,I think that Facebook is a good way to connect with the rest of the Aspirations community.,,,,
6858303413,maybe a remind group,,,,
6858290523,email,,,,
6858251277,Well...newsletters in emails? Or an every day forum in the site?,,,,
6858241795,Facebook or Instagram ,,,,
6858163003,,,,,
6857981686,"Perhaps, Instagram might be a good option",,,,
6857951263,,,,,
6857795023,Get-together a with local Aspirations community members,,,,
6857517769,,,,,
6857446117,"Email, Instagram...",,,,
6857318540,,,,,
6856594772,A Website or an App would be nice.,,,,
6856578888,I could connect better if on Twitter.,,,,
6856542402,Instagram & linkedin,,,,
6856517098,Group Me ,,,,
6856496957,Instagram,,,,
6856496616,"Through email (tushnae@gmail.com), LinkedIn, or by phone (704-450-1947)! All of these work well for me.",,,,
6856489481,Other social media platforms! Like Instagram or Twitter,,,,
6856434358,linkd in ,,,,
6856408978,,,,,
6856388536,A twitter page?,,,,
6856343619,,,,,
6856334797,Conferences,,,,
6856326984,A blog like Tumblr or through email. I don't typically go on social media. ,,,,
6856323115,Facebook is fine.,,,,
6856294307,,,,,
6856269972,,,,,
6856229024,"other social media, email, instagram",,,,
6856219385,Email.,,,,
6856146676,,,,,
6856137368,"Instagram, SnapChat, email, text, and Google+.",,,,
6856099638,,,,,
6856093702,meetups would be fun.  I use instagram much more than facebook so a group there would help me more.,,,,
6856092830,I think that an Instagram page would be cool.,,,,
6856059177,Not sure.,,,,
6856032063,Instagram,,,,
6856013385,I don't see a need to connect with the community.,,,,
6856010008,.,,,,
6855998045,A different application such as instagram. ,,,,
6855975994,Other social media groups.,,,,
6855974491,Facebook will work well enough if it worked.,,,,
6855951611,Chat/forums,,,,
6855898661,Through email or social media. ,,,,
6855895885,,,,,
6855893092,"e-mail, local meetings",,,,
6855852536,I don’t really have any idea,,,,
6855851532,Perhaps a more modernized social media group would be beneficial such as Instagram.,,,,
6855850638,,,,,
6855826414,"email list, shared drive",,,,
6855817441,,,,,
6855808617,In-person events,,,,
6855802756,,,,,
6855789636,,,,,
6855776510,Social media,,,,
6855748544,,,,,
6855739871,,,,,
6855732109,"email, text messages, in-person meetings",,,,
6855724992,Facebook group ,,,,
6855716751,,,,,
6855713921,Twitter,,,,
6855708987,A groupme ,,,,
6855707936,none,,,,
6855703428,Email,,,,
6855693489,Twitter instagram,,,,
6855687900,Regional meetings?,,,,
6855683323,Email,,,,
6855682497,Not sure.,,,,
6855682110,A GroupMe ,,,,
6855682058,,,,,
6855681881,I spend more time using other social media applications like Instagram than Facebook. ,,,,
6855681692,email,,,,
6855680801,Facebook is good enough,,,,
6855566875,,,,,
6853901557,Through other social medias,,,,
6853855897,Through instagram or email.,,,,
6853534018,instagram,,,,
6853250696,,,,,
6853004575,Facebook. ,,,,
6852518729,maybe an Instagram account,,,,
6851439196,"I think applications such as Snapchat and GroupMe are great for communication (and possibly introducing us to new members), and I really like the Discord app as well! It doesn't take up a lot of space, and it's very coding and tech-based, which might further the interest of some applicants.",,,,
6849593476,,,,,
6848454971,My email,,,,
6847116190,,,,,
6845640017,I think Facebook is good,,,,
6845244670,,,,,
6845183934,instagram ,,,,
6845022311,Instagram,,,,
6844418542,"Instagram, reddit",,,,
6844337231,"Any sort of social media, but Facebook definitely makes the most sense. Even casual engagement on Twitter would work.",,,,
6844320576,Email  ,,,,
6844056133,Twitter,,,,
6844053960,Instagram.,,,,
6843424653,,,,,
6843238024,"I think Facebook is the best way for communication, but besides from Facebook, Slack is great for groups.",,,,
6842450672,,,,,
6841867588,email is one of the best ways to get a hold of me,,,,
6840869554,Discord,,,,
6840543388,In-person events,,,,
6839802591,,,,,
6839674007,instagram,,,,
6839550765,,,,,
6839214629,I would prefer Instagram. ,,,,
6839180862,Instagram ,,,,
6839161204,,,,,
6838817278,,,,,
6838728689,,,,,
6838399128,Your website,,,,
6837951606,Community activities? ,,,,
6837837551,,,,,
6837767812,Gmail will be perfect,,,,
6837619674,Email ,,,,
6837614382,,,,,
6837529261,Facebook is my main social media page,,,,
6837306633,Call me.,,,,
6837052189,Just Facebook ,,,,
6836781114,It would be interesting to see how AspireIT could connect with other forms of social media such as Instagram. I use Instagram and SnapChat the most. ,,,,
6836770354,Other social media like Instagram,,,,
6836768385,I actually don't know.,,,,
6836704847,,,,,
6836681259,I think the Facebook chat is a great way because we can connect with everyone around and find new friends easily. I think it’s perfect,,,,
6836559163,twitter,,,,
6836558292,Email,,,,
6836482027,Paired mentorship format,,,,
6836424991,,,,,
6836377190,"Email, other social media platforms, or text messages if possible ",,,,
6836354744,"Email, alumni meetups and events, newsletter maybe?",,,,
6836275581,Email,,,,
6836266257,Instagram,,,,
6835876336,Twitter ,,,,
6835041598,Email or website,,,,
6835031612,,,,,
6834924902,Newsletter,,,,
6834920251,,,,,
6834918952,Through email is an option that I do not mind.,,,,
6834879758,social events or group chats,,,,
6834866790,,,,,
6834860883,Probably Instagram.,,,,
6834844804,,,,,
6834821909,It could be kinda wild and fun to make a giant slack server. But Facebook seems like a good option.,,,,
6834821025,Platforms such as snapchat or instagram are more popular among my age group so that might be better.,,,,
6834815234,Facebook works great! Email is also just as handy! ,,,,
6834813949,Through LinkedIn,,,,
6834759394,,,,,
6834734059,probably email ,,,,
6834733951,,,,,
6834727631,Maybe through other social media platforms because I do not have a Facebook account ,,,,
6834718840,Text messages,,,,
6834707390,Regional events where NCWIT community members can meet up and get to know each other. ,,,,
6834698428,I check your website frequently,,,,
6834660731,,,,,
6834646119,GroupMe or Slack,,,,
6834629260,I can't think of a better way to connect with the rest of the Aspirations community!,,,,
6834567035,"Skype, text, email",,,,
6834561618,other Social media options,,,,
6834553073,groupme group message,,,,
6834539917,Not sure,,,,
6834536638,"Twitter and e-mail, possibly organized meetups in the Southeastern United States.",,,,
6834523351,"Email groups, regular meetups",,,,
6834503555,Other social media?,,,,
6834487882,"linked in, events besides awards banquets, college alumni lists?",,,,
6834451100,,,,,
6834437350,,,,,
6834429661,,,,,
6834425850,,,,,
6834410672,,,,,
6834405649,Through Instagram or snapchat. ,,,,
6834396987,Any way works for me. ,,,,
6834358591,"I think that using other social media outlets would be helpful, such as Instagram.",,,,
6834340356,Other social media’s like Instagram and Snapchat ,,,,
6834313290,facebook is fine,,,,
6834290359,,,,,
6834253401,"Instagram, Linked-in, A group chat ",,,,
6834248981,Instagram/email,,,,
6834240583,Instagram,,,,
6834238694,"Possibly a website where you can blog about opportunities, and how NCWIT may have helped you. Though that may be silly of me to think that way.",,,,
6834232299,Emails or texts work great!,,,,
6834219651,Email,,,,
6834204253,Instagram,,,,
6834190384,"Meetups would be nice, or maybe a group chat",,,,
6834176616,Perhaps Reddit (for creating forums that answer specific questions),,,,
6834176342,twitter,,,,
6834175492,"Instagram, meet-ups",,,,
6834172706,Twitter. Weekly newsletters ,,,,
6834172475,,,,,
6834168932,Not sure,,,,
6834162678,,,,,
6834157072,Email,,,,
6834130664,,,,,
6834125163,I think local meetups would let me meet more members of the community.,,,,
6834085937,Webpage with a portal,,,,
6834085478,Other social media platforms,,,,
6834078325,,,,,
6834071893,Whatever other social media is accessible,,,,
6834070314,Email or through our teachers/schools,,,,
6834049376,,,,,
6834038341,Twitter,,,,
6834035777,,,,,
6834010555,Facebook,,,,
6834008381,,,,,
6834003092,Email; messaging app,,,,
6834000788,,,,,
6833995480,Email or text would work.,,,,
6833987160,"Through Twitter,Instagram, and any other collaborative social media platforms.",,,,
6833982615,Email and Snapchat,,,,
6833981091,A google hangouts chat would be amazing. ,,,,
6833977589,Instagram.,,,,
6833951450,,,,,
6833951038,,,,,
6833944042,,,,,
6833941204,I feel that facebook is truly the best option.,,,,
6833938075,,,,,
6833918046,Instagram.,,,,
6833908553,Forum Board,,,,
6833905272,Other forms of social media- e.g. Instagram,,,,
6833901020,"google drive documents, but Facebook is perfect!",,,,
6833894457,Twitter ,,,,
6833885482,Instagram,,,,
6833879351,,,,,
6833876868,Meet ups ,,,,
6833869785,,,,,
6833866909,Instagram/Snapchat ,,,,
6833853446,linkedin or email,,,,
6833853383,,,,,
6833849976,Through other forms of social media like Instagram.,,,,
6833845835,LinkedIn group,,,,
6833833719,,,,,
6833831146,,,,,
6833823972,,,,,
6833819406,not sure ,,,,
6833815319,Social media or events/gatherings,,,,
6833804317,"I do not have other forms of social media, but Twitter is also a great way to connect.",,,,
6833781580,,,,,
6833771586,GroupMe’s?,,,,
6833765219,,,,,
6833754836,Instagram. ,,,,
6833752273,probably by phone number,,,,
6833751021,Discord - An online chat for gamers but works really well for any online community. I'm in a few servers on there   for developers.    ,,,,
6833749850,Snapchat or Twitter ,,,,
6833747043,Posts ,,,,
6833746426,"Email has worked best in the past, but I wouldn't mind other types of social media, such as Instagram.",,,,
6833743753,Instagram or actual in person regional meetings.,,,,
6833740602,,,,,
6833737864,Email/web page ,,,,
6833724475,Through Email and other social medias,,,,
6833724319,Through other social media like Instagram or even Snapchat.,,,,
6833722453,Twitter,,,,
6833718554,Not sure,,,,
6833714772,,,,,
6833714498,"Instagram, Twitter, Snapchat ",,,,
6833712451,,,,,
6833708652,,,,,
6833705251,Facebook is the best way for me to connect with the Aspirations community,,,,
6833696654,Instagram,,,,
6833694460,Email chains.,,,,
6833694033,,,,,
6832958599,Small email groups,,,,
6832904761,,,,,
6832881935,snapchat group would be cool!,,,,
6832777712,none. facebook is good,,,,
6831966720,,,,,
6831706035,,,,,
6831387538,Instagram!,,,,
6831363936,,,,,
6831356653,"Instagram, emails",,,,
6831179272,n/a,,,,
6831145652,"Snapchat, Twitter, Instagram",,,,
6831035717,instagram ,,,,
6830663238,,,,,
6830561128,,,,,
6830231325,Instagram ,,,,
6830216662,,,,,
6830015932,Instagram.,,,,
6829734838,,,,,
6829502134,Instagram ,,,,
6828675035,email,,,,
6828575671,Email  deadline000geli@gmail.com,,,,
6828375700,Maybe a Discord server? That's more for conversations but if that's what you're looking for... discord is good.,,,,
6828365143,Email chats,,,,
6828159814,Twitter,,,,
6828067555,Email,,,,
6828039234,Snapchat and instagram,,,,
6828019285,,,,,
6827820524,,,,,
6827755683,"Emails may be helpful. I plan to join the Facebook group when I get an account, so that will be sufficient.",,,,
6827565377,other social media networks ,,,,
6827289724,"Email, Twitter.",,,,
6827201025,Facebook is great :) ,,,,
6827181205,Webinars,,,,
6827107223,"By other social media means, like instagram or snapchat.",,,,
6827097957,"The facebook community is already a wonderful way to connect with the rest of the community. Other than also regular emails, this helps me keep in touch with the Aspirations Community. ",,,,
6827083663,"Email, Slack, Instagram/Snapchat (?)",,,,
6827047776,"Live events, groupchats, that type of thing. ",,,,
6826951072,Instgram or Twitter,,,,
6826902889,Meetups!! There are very little in Salt Lake and maybe even tours of companies would be cool.,,,,
6826797714,A secure forum on a regional website,,,,
6826420798,,,,,
6826223372,,,,,
6826059301,Not sure,,,,
6826045886,through a instagram maybe?,,,,
6825989478,,,,,
6825988133,"I'm not sure, I pretty much use Facebook all the time.",,,,
6825933604,,,,,
6825898081,,,,,
6825820874,,,,,
6825797581,,,,,
6825701369,,,,,
6825593197,Like an online forum maybe,,,,
6825458830,Instagram would work for me!,,,,
6825422381,Chats,,,,
6825382646,instagram,,,,
6825325058,Instagram or Snapchat,,,,
6825305766,"Instagram, Twitter",,,,
6825292761,,,,,
6825266794,instagram,,,,
6825184407,,,,,
6825134497,,,,,
6825112834,Twitter ,,,,
6825090446,,,,,
6825049734,,,,,
6825014330,Email,,,,
6824994112,Instagram,,,,
6824978438,,,,,
6824855721,GroupMe has definitely helped connect me with people.,,,,
6824781779,Instagram,,,,
6824679108,Twitter ,,,,
6824676796,Just email,,,,
6824647615,,,,,
6824622557,"Instagram, Discord, email",,,,
6824577722,I think it would be cool to have a project that affiliate winners and honorable mentions participate in,,,,
6824554686,,,,,
6824465843,,,,,
6824459930,,,,,
6824444964,,,,,
6824414914,,,,,
6824405920,"LinkedIn, Google hangout chat",,,,
6824391618,"GroupMe? I'm not certain about an alternative to Facebook, but I only got a facebook account yesterday for this specific group, and I'm not sure I'll use it",,,,
6824371262,Email groups or Group chat,,,,
6824357073,"Website, blog, or forum including NCWIT members",,,,
6824281292,,,,,
6824259393,"Instagram, email ",,,,
6824180760,,,,,
6824050860,,,,,
6823978222,I think email and facebook is fine,,,,
6823835651,"Meet-ups, workshops, conventions, webinars perhaps.",,,,
6823826332,Discord or other messaging applications.,,,,
6823806190,"in person meetups, chat groups, etc.",,,,
6823763100,Events,,,,
6823758303,Instagram. Most teens use Instagram. Facebook is stereotyped as being what moms use.,,,,
6823746379,,,,,
6823745720,,,,,
6823743901,,,,,
6823701394,,,,,
6823687086,,,,,
6823682772,Facebook seems like a really good platform,,,,
6823680946,Just facebook. It would be hard to communicate through instagram or snapchat ,,,,
6823677942,Some chatting platform or maybe other social media options,,,,
6823664206,Maybe open an Aspirations feature Instagram where you feature a new recipient every week.,,,,
6823663001,Twitter maybe?,,,,
6823644425,Email. ,,,,
6823642189,Instagram,,,,
6823635953,,,,,
6823613232,Instagram page maybe?,,,,
6823606835,GroupMe,,,,
6823601981,,,,,
6823564956,Discord,,,,
6823562701,"Through Instagram, Twitter, or a blog of some sort.",,,,
6823562077,,,,,
6823561368,,,,,
6823552281,,,,,
6823550419,,,,,
6823546727,Email,,,,
6823527415,,,,,
6823513547,,,,,
6823502586,,,,,
6823497983,,,,,
6823497970,"There could be a NCWIT discord server, or a groupme?",,,,
6823493132,"Email, in person",,,,
6823488323,I would say email. ,,,,
6823487106,The best would be through a group chat such as group me.,,,,
6823482233,Email,,,,
6823479185,,,,,
6823475833,Discord or Snapchat.,,,,
6823471287,Perhaps the Aspirations community could send out monthly emails of updates to inform people about opportunities and such.,,,,
6823470729,"Smaller communities would be cool, like ways to connect with NCWIT recipients in your area. ",,,,
6823468648,,,,,
6823463504,Instagram,,,,
6823451579,Email.,,,,
6823450801,"Instagram, twitter",,,,
6823450131,"I do not know of any other ways that would work best. Perhaps it would work better to also have a localized group for each associate area. For example, it is difficult to find posts of local opportunities among the many taking place in areas to the West and South of the Maine, New Hampshire, and Vermont area.",,,,
6823446122,I think facebook is the best place to connect with other members. I could not think there could be a better place.,,,,
6823443155,Other social media? ,,,,
6823441189,Insta,,,,
6823423992,,,,,
6823422050,A blog or chat of some sort would be really cool —> like virtual chat rooms or a website where people of the Aspirations community can post or something. ,,,,
6823421323,instagram,,,,
6823408666,,,,,
6823405350,"Instagram, snapchat, GroupMe",,,,
6823394713,"Instagram, Snapchat, email list",,,,
6823390129,,,,,
6823388247,Text or email,,,,
6823379950,,,,,
6823378294,,,,,
6823376888,Through Instagram or Twitter would be a great way to connect as well. ,,,,
6823373362,,,,,
6823371877,Other forms of social media ,,,,
6823371439,N/A,,,,
6823364678,discord,,,,
6823356913,Other social media platforms ,,,,
6823352826,,,,,
6823351343,email,,,,
6823341471,I am fine with anything.,,,,
6823337124,"Twitter, snapchat, instagram, youtube",,,,
6823335932,Slack.,,,,
6823330161,Perhaps as a Discord server,,,,
6823328851,Instagram,,,,
6823322509,I get on Instagram quite a lot. ,,,,
6823316210,,,,,
6823298051,,,,,
6823295705,Other social media sites or website ,,,,
6823294179,Twitter and LinkedIn are social media services that I use.,,,,
6823291597,,,,,
6823268474,Instagram,,,,
6823255762,Snapchat,,,,
6823243441,,,,,
6823243216,Twitter,,,,
6823240768,Local groups and meetings to get together and discuss the future of the community would be a great way. ,,,,
6823216375,,,,,
6823215785,Discord,,,,
6823214806,Email as that is what I mostly use for communication.,,,,
6823214092,,,,,
6823188852,Maybe set up a private website for Aspirations people? One that you don’t have to have a certain social media account or anything,,,,
6823185564,instagram,,,,
6823184639,Email,,,,
6823181710,Whatsapp group ,,,,
6823179138,Having meetups or calls discussing topics of interest.,,,,
6823177199,,,,,
6823166822,Facebook works. ,,,,
6823165330,Other forms of social media - Instagram or Snapchat. It would be cool if there was an app too where girls could contact each other as a community.,,,,
6823162572,"Reddit, email ",,,,
6823159662,Email.,,,,
6823151322,,,,,
6823151254,email,,,,
6823147947,"Not sure, considering getting a Facebook account sometime soon.",,,,
6823147728,I don't really know,,,,
6823134095,Email,,,,
6823133162,Annual events or other forms of communication to update us on events (like snapchat),,,,
6823118259,"I am on the UT Computer Science GroupMe, which I have found to be a good resource for learning about opportunities and submitting inquiries.  GroupMe may be a good platform for the Aspirations community as well.",,,,
6823117928,Email,,,,
6823116218,The best way would be through other events or other forms of social media. ,,,,
6823113681,GroupMe ,,,,
6823113435,Instagram,,,,
6823113410,,,,,
6823111190,LinkedIn or Twitter,,,,
6823110327,The program called slack,,,,
6823104109,A slack chat would be a nice way to keep in touch,,,,
6823095430,,,,,
6823087515,,,,,
6823078639,Having everyone's email; forum,,,,
6823077428,"Other social media sites- Instagram, etc. ",,,,
6823076541,other forms of social media or a chance to meet them.,,,,
6823073469,Maybe a discord group?,,,,
6823070759,Email,,,,
6823062923,Twitter or WeChat,,,,
6823053310,,,,,
6823053051,Phone calls or Skype.,,,,
6823043868,,,,,
6823039499,Social Media,,,,
6823024197,,,,,
6823022271,Remind 101 Text Messaging? Group Me? I used group me for a variety of educational camps hosted by local universities.,,,,
6823014203,,,,,
6823002763,,,,,
6822991325,A google classroom ,,,,
6822987900,Google+ group,,,,
6822974582,"I'm not sure, I haven't had the time to look.",,,,
6822970507,Email,,,,
6822964562,Meetings,,,,
6822957600,The website,,,,
6822950976,Facebook is probably one of the best ways honestly ,,,,
6822950714,,,,,
6822949806,Instagram,,,,
6822944981,SWE network?,,,,
6822939024,Via newsletters ,,,,
6822934295,Email,,,,
6822921323,GroupMe,,,,
6822920513,I don’t know ,,,,
6822913770,Instagram,,,,
6822907537,I think we should have monthly meetings with people that live in the same region.,,,,
6822898207,"LinkedIn, on the Aspirations website ",,,,
6822877375,Instagram would be a good way,,,,
6822874370,,,,,
6822862962,Instagram,,,,
6822862751,maybe an email sent to all the ncwit girls?,,,,
6822858709,Instagram or Twitter.,,,,
6822858018,Other social media like Instagram,,,,
6822857475,N/A as of right now. ,,,,
6822855607,,,,,
6822855298,Twitter  Instagram,,,,
6822850737,Instagram would be a good way,,,,
6822849330,In person banquets/meetings,,,,
6822839954,Instagram ,,,,
6822832015,Video calls or in-person meetings,,,,
6822830759,Instagram,,,,
6822828609,"email or text, or maybe a Remind or GroupMe",,,,
6822824562,Facebook is great!!,,,,
6822824204,I don't know. ,,,,
6822823070,Another form of community would be like a website because some people don't have Facebooks,,,,
6822821894,Email or text would work for me. ,,,,
6822817216,Probably events where I can meet people in person ,,,,
6822815217,"Email, web conferences",,,,
6822814401,,,,,
6822813246,Slack (the app) ,,,,
6822810714,,,,,
6822806243,Slack Group  ,,,,
6822805946,Discord — I would LOVE to see an AiC Discord server run by NCWIT.,,,,
6822805372,LinkedIn ,,,,
6822805329,,,,,
6822805207,Meet ups,,,,
6822802665,Website ,,,,
6822799248,,,,,
6822798105,Maybe through a reddit page ,,,,
6822796787,Maybe through email ?,,,,
6822791383,Being notified of meet-ups at computing events.,,,,
6822788963,Events/gatherings,,,,
6822783448,,,,,
6822781539,Instagram,,,,
6822779643,"Snapchat, twitter",,,,
6822779390,Email groups,,,,
6822779361,Through other social media platforms.,,,,
6822773480,If there were regional meetings or if we formed teams for various competitions,,,,
6822771505,"Instagram, GroupMe, Skype, text message",,,,
6822770506,Through text messaging. ,,,,
6822769013,I don't know,,,,
6822766391,Twitter,,,,
6822766356,,,,,
6822766273,Instagram/Twitter,,,,
6822764509,,,,,
6822762600,More events to network,,,,
6822762293,"Twitter! I love and use Twitter consistently, so starting a community there would be amazing.",,,,
6822761543,,,,,
6822760702,Email,,,,
6822760024,email chain,,,,
6822759767,E-mail,,,,
6822758365,I think Facebook is a great enough outreach in this program to be successful in connecting me with the Aspirations community,,,,
6822757810,I have no idea what other ways are available.,,,,
6822755642,Through networking events ,,,,
6822754955,Facebook is a very good for me to communicate with them if I was apart of the group.,,,,
6822754779,Through email.,,,,
6822753697,,,,,
6822753626,"Tumblr, Twitter, YouTube",,,,
6822750771,"A place/forum on the aspirations website where previous winners, applicants, educators, etc. could collaborate. ",,,,
6822749393,"Facebook works well with everyone, but email could be used as well.",,,,
6822747945,Email ,,,,
6822747335,Maybe have a group chat on GroupMe.,,,,
6822746406,,,,,
6822746120,N/A,,,,
6822745838,,,,,
6822743752,Email,,,,
6822743316,Linkedin,,,,
6822743074,Email,,,,
6822742502,"Instagram, snapchat",,,,
6822742274,Instagram,,,,
6822742148,"email, instagram",,,,
6822741563,"Discord, slack  ",,,,
6822741316,On Instagram or Snapchat,,,,
6822740863,,,,,
6822740737,,,,,
6822739740,Instagram or email,,,,
6822739377,google group,,,,
6822739291,I am not sure,,,,
6822739289,n/a,,,,